player_id,player_name,season,age,box_plus_minus,height,weight,nba_draft_pick,win_shares,minutes_played,player_efficiency_rating,vorp,out_of_league,win_shares_per_minute,composite_score
cartevi01,Vince Carter,2020,43.15366554607479,0.15000000000000002,78.0,220.0,5.0,0.027083333333333334,876.0,0.13645833333333335,0.04791666666666666,0,0.003309692671394799,0.05
chandty01,Tyson Chandler,2020,37.47250850646831,0.4510416666666667,84.0,240.0,2.0,0.321875,219.0,0.328125,0.3614583333333333,0,,0.3572916666666667
anthoca01,Carmelo Anthony,2020,35.81607476729299,0.19166666666666665,80.0,240.0,3.0,0.41145833333333337,1623.0,0.44895833333333335,0.026041666666666664,0,,0.26458333333333334
korveky01,Kyle Korver,2020,39.01668805834182,0.6645833333333333,79.0,212.0,51.0,0.60625,833.0,0.365625,0.6458333333333333,0,,0.58125
jamesle01,LeBron James,2020,35.22742476154513,0.99375,81.0,250.0,1.0,0.9895833333333334,2094.0,0.9781249999999999,0.9958333333333336,0,,0.99375
hasleud01,Udonis Haslem,2020,39.78603992795249,0.020833333333333405,80.0,235.0,61.0,0.115625,21.0,0.04583333333333333,0.22291666666666665,0,,0.06458333333333333
iguodan01,Andre Iguodala,2020,36.15009942265181,0.5364583333333333,78.0,215.0,9.0,0.28125,259.0,0.340625,0.46562499999999996,0,,0.40208333333333335
howardw01,Dwight Howard,2020,34.28832265813517,0.70625,82.0,265.0,1.0,0.9010416666666667,1193.0,0.846875,0.7375,0,,0.8291666666666666
arizatr01,Trevor Ariza,2020,34.72912568553072,0.5770833333333334,80.0,215.0,43.0,0.6510416666666667,1493.0,0.340625,0.6812499999999999,0,,0.56875
paulch01,Chris Paul,2020,34.879710572060034,0.9593750000000001,73.0,175.0,4.0,0.9802083333333333,2003.0,0.934375,0.9791666666666666,0,,0.98125
willilo02,Lou Williams,2020,33.40397869433188,0.7427083333333333,73.0,175.0,45.0,0.815625,1757.0,0.78125,0.8166666666666667,0,,0.8208333333333333
willima02,Marvin Williams,2020,33.75990660494033,0.5364583333333333,80.0,237.0,2.0,0.5874999999999999,1011.0,0.37916666666666665,0.5854166666666667,0,,0.5177083333333333
ilyaser01,Ersan İlyasova,2020,32.85639729260583,0.725,81.0,235.0,36.0,0.759375,895.0,0.66875,0.6812499999999999,0,,0.7270833333333333
bareajo01,J.J. Barea,2020,35.739413370911585,0.50625,70.0,185.0,61.0,0.34479166666666666,391.0,0.6447916666666667,0.46562499999999996,0,,0.4791666666666665
redicjj01,J.J. Redick,2020,35.74488918525075,0.6864583333333334,75.0,200.0,11.0,0.7958333333333333,1425.0,0.6625,0.7625,0,,0.75625
lowryky01,Kyle Lowry,2020,33.995366608330905,0.9302083333333333,72.0,196.0,24.0,0.9625,1901.0,0.8197916666666667,0.9552083333333332,0,,0.9375
aldrila01,LaMarcus Aldridge,2020,34.67710545329669,0.7895833333333333,83.0,260.0,2.0,0.8645833333333333,1754.0,0.8822916666666667,0.875,0,,0.8833333333333333
millspa01,Paul Millsap,2020,35.112432667347086,0.725,79.0,250.0,47.0,0.759375,1075.0,0.8020833333333333,0.7124999999999999,0,,0.7770833333333335
tuckepj01,P.J. Tucker,2020,34.882448477820546,0.41874999999999996,77.0,245.0,35.0,0.815625,2203.0,0.18854166666666666,0.534375,0,,0.475
rondora01,Rajon Rondo,2020,34.080241725637094,0.4760416666666667,73.0,186.0,21.0,0.49479166666666663,984.0,0.46875,0.534375,0,,0.48333333333333334
gayru01,Rudy Gay,2020,33.59837009253099,0.4354166666666667,80.0,230.0,8.0,0.49479166666666663,1287.0,0.5979166666666667,0.534375,0,,0.5041666666666667
sefolth01,Thabo Sefolosha,2020,35.889998256416874,0.4927083333333333,78.0,220.0,13.0,0.34479166666666666,436.0,0.23958333333333331,0.46562499999999996,0,,0.3729166666666667
horfoal01,Al Horford,2020,33.80371311811153,0.875,81.0,245.0,3.0,0.9010416666666667,1848.0,0.6875,0.9291666666666667,0,,0.8770833333333333
mahinia01,Ian Mahinmi,2020,33.37933753136827,0.2885416666666667,83.0,262.0,28.0,0.475,808.0,0.5739583333333333,0.125,0,,0.3572916666666667
dudleja01,Jared Dudley,2020,34.70174661622748,0.5364583333333333,78.0,237.0,22.0,0.34479166666666666,311.0,0.121875,0.46562499999999996,0,,0.36041666666666666
greenje02,Jeff Green,2020,33.568253114515116,0.5770833333333334,80.0,235.0,5.0,0.475,754.0,0.5020833333333333,0.5854166666666667,0,,0.5354166666666667
belinma01,Marco Belinelli,2020,33.995366608564446,0.2677083333333333,77.0,210.0,18.0,0.321875,779.0,0.2791666666666667,0.125,0,,0.23541666666666658
conlemi01,Mike Conley,2020,32.44844914980953,0.6385416666666667,73.0,175.0,4.0,0.5874999999999999,1171.0,0.546875,0.6812499999999999,0,,0.63125
youngth01,Thaddeus Young,2020,31.75302077048718,0.4927083333333333,80.0,220.0,12.0,0.5635416666666666,1591.0,0.5208333333333334,0.6166666666666667,0,,0.5479166666666666
chandwi01,Wilson Chandler,2020,32.87008682902642,0.2677083333333333,80.0,235.0,23.0,0.3729166666666667,734.0,0.121875,0.125,0,,0.2
lopezbr01,Brook Lopez,2020,31.974791236331093,0.8427083333333334,84.0,270.0,10.0,0.88125,1622.0,0.5677083333333333,0.875,0,,0.825
leeco01,Courtney Lee,2020,34.46902451967288,0.5770833333333334,77.0,215.0,22.0,0.34479166666666666,345.0,0.33541666666666664,0.46562499999999996,0,,0.42083333333333334
gallida01,Danilo Gallinari,2020,31.621601233752198,0.9302083333333333,82.0,233.0,6.0,0.9416666666666664,1690.0,0.8697916666666667,0.9468749999999999,0,,0.9416666666666667
jordade01,DeAndre Jordan,2020,31.67088355994486,0.9052083333333334,83.0,265.0,35.0,0.9239583333333332,1234.0,0.8895833333333333,0.875,0,,0.9208333333333333
rosede01,Derrick Rose,2020,31.465540534501304,0.875,74.0,200.0,1.0,0.6385416666666666,1298.0,0.9208333333333333,0.8489583333333333,0,,0.8520833333333333
augusdj01,D.J. Augustin,2020,32.366311940136995,0.4510416666666667,71.0,183.0,9.0,0.6510416666666667,1215.0,0.58125,0.534375,0,,0.5583333333333333
gordoer01,Eric Gordon,2020,31.241032158554315,0.2,75.0,215.0,7.0,0.34479166666666666,972.0,0.30625,0.06354166666666666,0,,0.21041666666666667
hillge01,George Hill,2020,33.88585032724143,0.9302083333333333,75.0,188.0,26.0,0.9114583333333333,1103.0,0.796875,0.875,0,,0.8979166666666667
dragigo01,Goran Dragić,2020,33.88037451383809,0.5770833333333334,75.0,190.0,45.0,0.7083333333333333,1531.0,0.7093750000000001,0.6812499999999999,0,,0.6916666666666667
mcgeeja01,JaVale McGee,2020,32.17465844874873,0.8635416666666667,84.0,270.0,18.0,0.8729166666666667,1023.0,0.8895833333333333,0.7989583333333333,0,,0.8895833333333333
loveke01,Kevin Love,2020,31.539464023885323,0.8635416666666667,80.0,215.0,5.0,0.8041666666666667,1780.0,0.8197916666666667,0.9135416666666667,0,,0.8791666666666665
gasolma01,Marc Gasol,2020,35.145287551290345,0.8427083333333334,83.0,255.0,48.0,0.6729166666666666,990.0,0.425,0.7625,0,,0.7010416666666666
batumni01,Nicolas Batum,2020,31.2711491374898,0.378125,81.0,200.0,25.0,0.321875,505.0,0.21354166666666669,0.3614583333333333,0,,0.30833333333333335
lopezro01,Robin Lopez,2020,31.974791236338987,0.378125,84.0,275.0,15.0,0.5291666666666667,862.0,0.353125,0.3614583333333333,0,,0.4
westbru01,Russell Westbrook,2020,31.358762159846933,0.8427083333333334,75.0,200.0,4.0,0.8541666666666666,1905.0,0.9270833333333333,0.9135416666666667,0,,0.9020833333333337
greenda02,Danny Green,2020,32.75235682721858,0.75625,78.0,215.0,46.0,0.759375,1529.0,0.353125,0.7989583333333333,0,,0.6854166666666667
derozde01,DeMar DeRozan,2020,30.62500308293326,0.8197916666666667,78.0,220.0,9.0,0.9541666666666666,2091.0,0.9229166666666666,0.921875,0,,0.93125
carrode01,DeMarre Carroll,2020,33.6558661387467,0.13645833333333335,78.0,215.0,27.0,0.17604166666666665,231.0,0.17604166666666665,0.22291666666666665,0,,0.15416666666666667
templga01,Garrett Temple,2020,33.87489870057489,0.4927083333333333,77.0,195.0,61.0,0.5874999999999999,1547.0,0.2875,0.6166666666666667,0,,0.4875
hardeja01,James Harden,2020,30.572982848828936,0.9979166666666667,77.0,220.0,3.0,1.0,2241.0,0.9947916666666667,1.0,0,,0.9979166666666667
johnsja01,James Johnson,2020,33.08638148190142,0.6385416666666667,79.0,240.0,16.0,0.44791666666666663,619.0,0.6333333333333333,0.5854166666666667,0,,0.5895833333333333
teaguje01,Jeff Teague,2020,31.783137746093697,0.4354166666666667,75.0,195.0,19.0,0.6385416666666666,1464.0,0.61875,0.534375,0,,0.5604166666666667
holidjr01,Jrue Holiday,2020,29.778989817018577,0.8854166666666666,75.0,205.0,17.0,0.828125,1922.0,0.796875,0.9395833333333333,0,,0.8916666666666666
millspa02,Patty Mills,2020,31.613387512444262,0.628125,73.0,180.0,55.0,0.6510416666666667,1430.0,0.625,0.7124999999999999,0,,0.675
ibakase01,Serge Ibaka,2020,30.51001098844277,0.6864583333333334,84.0,235.0,24.0,0.815625,1377.0,0.8270833333333333,0.7625,0,,0.8104166666666667
curryst01,Stephen Curry,2020,32.024073564358815,0.9479166666666666,75.0,190.0,7.0,0.2552083333333333,139.0,0.934375,0.534375,0,,0.6895833333333333
gibsota01,Taj Gibson,2020,34.74555312892721,0.4927083333333333,81.0,225.0,26.0,0.6510416666666667,1025.0,0.7239583333333333,0.534375,0,,0.6177083333333333
ellinwa01,Wayne Ellington,2020,32.314291706745855,0.28125,76.0,200.0,28.0,0.28125,558.0,0.17604166666666665,0.22291666666666665,0,,0.22291666666666665
matthwe02,Wesley Matthews,2020,33.439571485065954,0.40208333333333335,76.0,220.0,61.0,0.7239583333333333,1529.0,0.16458333333333333,0.46562499999999996,0,,0.425
aminual01,Al-Farouq Aminu,2020,29.502461210847393,0.234375,80.0,220.0,8.0,0.17604166666666665,380.0,0.13645833333333335,0.22291666666666665,0,,0.17083333333333334
bradlav01,Avery Bradley,2020,29.321759347486758,0.328125,75.0,180.0,19.0,0.5104166666666666,1186.0,0.19791666666666669,0.22291666666666665,0,,0.3052083333333333
griffbl01,Blake Griffin,2020,31.019261692374663,0.15833333333333333,81.0,250.0,1.0,0.053125,512.0,0.425,0.084375,0,,0.15625
favorde01,Derrick Favors,2020,28.689302828257656,0.7822916666666666,81.0,265.0,3.0,0.8041666666666667,1089.0,0.85625,0.7625,0,,0.833333333333333
davised01,Ed Davis,2020,30.797491224603725,0.17812499999999998,81.0,225.0,13.0,0.28125,268.0,0.11666666666666667,0.22291666666666665,0,,0.175
bledser01,Eric Bledsoe,2020,30.285502613039622,0.875,73.0,205.0,18.0,0.9239583333333332,1524.0,0.8312499999999999,0.890625,0,,0.9
turneev01,Evan Turner,2020,31.402568672620028,0.09895833333333334,78.0,220.0,2.0,0.020833333333333332,251.0,0.10729166666666667,0.125,0,,0.04583333333333333
haywago01,Gordon Hayward,2020,30.000760285086216,0.9104166666666667,79.0,207.0,9.0,0.9010416666666667,1501.0,0.8375,0.9135416666666667,0,,0.9083333333333333
whiteha01,Hassan Whiteside,2020,30.77558796741485,0.9302083333333333,84.0,235.0,33.0,0.9802083333333333,1911.0,0.9708333333333333,0.9552083333333332,0,,0.9708333333333333
smithis01,Ish Smith,2020,31.714690071095017,0.4510416666666667,72.0,175.0,61.0,0.5291666666666667,1570.0,0.55625,0.534375,0,,0.5083333333333333
pattepa01,Patrick Patterson,2020,31.02473750527104,0.6864583333333334,80.0,230.0,14.0,0.49479166666666663,607.0,0.40729166666666666,0.6166666666666667,0,,0.5520833333333334
georgpa01,Paul George,2020,29.891244004396086,0.9666666666666667,80.0,220.0,10.0,0.815625,1222.0,0.9052083333333334,0.9291666666666667,0,,0.9281250000000001
burksal01,Alec Burks,2020,28.67561329406547,0.6177083333333333,78.0,214.0,12.0,0.6927083333333333,1612.0,0.715625,0.7124999999999999,0,,0.7104166666666667
biyombi01,Bismack Biyombo,2020,27.566760957017905,0.31354166666666666,80.0,255.0,7.0,0.6302083333333333,1029.0,0.7239583333333333,0.22291666666666665,0,,0.4583333333333333
knighbr03,Brandon Knight,2020,28.30599584846591,0.14270833333333333,74.0,195.0,8.0,0.053125,462.0,0.17604166666666665,0.084375,0,,0.08333333333333333
josepco01,Cory Joseph,2020,28.590738177285722,0.3895833333333333,75.0,200.0,29.0,0.60625,1538.0,0.2875,0.46562499999999996,0,,0.42291666666666666
kanteen01,Enes Kanter,2020,27.84055165656043,0.8083333333333333,82.0,262.0,3.0,0.8041666666666667,891.0,0.9447916666666667,0.7375,0,,0.8583333333333333
mooreet01,E'Twaun Moore,2020,31.071281924329703,0.2677083333333333,75.0,191.0,55.0,0.3729166666666667,958.0,0.353125,0.125,0,,0.27291666666666664
butleji01,Jimmy Butler,2020,30.52096261625901,0.9739583333333333,79.0,230.0,30.0,0.9854166666666666,1851.0,0.9562499999999999,0.9833333333333333,0,,0.9833333333333333
leonaka01,Kawhi Leonard,2020,28.7331093404177,0.9979166666666667,79.0,230.0,15.0,0.9739583333333333,1643.0,0.9874999999999999,0.9854166666666666,0,,0.9895833333333334
walkeke02,Kemba Walker,2020,29.874816562756852,0.96875,72.0,172.0,9.0,0.9291666666666667,1592.0,0.8937499999999999,0.9625,0,,0.9541666666666666
irvinky01,Kyrie Irving,2020,27.99935026360629,0.98125,74.0,195.0,1.0,0.7083333333333333,658.0,0.9833333333333333,0.890625,0,,0.9104166666666658
morrima03,Marcus Morris,2020,30.553817500111577,0.6520833333333333,80.0,235.0,14.0,0.734375,1727.0,0.6333333333333333,0.7625,0,,0.7145833333333336
morrima02,Markieff Morris,2020,30.553817500648286,0.3614583333333333,80.0,245.0,13.0,0.44791666666666663,1106.0,0.46875,0.3614583333333333,0,,0.41041666666666665
vucevni01,Nikola Vučević,2020,29.412110279592437,0.9541666666666666,83.0,260.0,16.0,0.9322916666666667,1763.0,0.9291666666666667,0.9625,0,,0.9604166666666667
jacksre01,Reggie Jackson,2020,29.93505051654016,0.70625,75.0,208.0,24.0,0.3927083333333333,556.0,0.65625,0.6166666666666667,0,,0.6020833333333333
rubiori01,Ricky Rubio,2020,29.42032399938147,0.734375,75.0,190.0,5.0,0.8354166666666667,1802.0,0.740625,0.8166666666666667,0,,0.81875
harrito02,Tobias Harris,2020,27.687228864487356,0.725,80.0,235.0,19.0,0.9375,2243.0,0.7614583333333333,0.875,0,,0.8624999999999999
thomptr01,Tristan Thompson,2020,29.028803298468844,0.4354166666666667,81.0,238.0,4.0,0.7239583333333333,1721.0,0.7614583333333333,0.534375,0,,0.6343749999999999
thomptr01,Tristan Thompson,2020,29.028803298468844,0.4354166666666667,81.0,238.0,4.0,0.7239583333333333,1721.0,0.7614583333333333,0.534375,0,,0.6343749999999999
drumman01,Andre Drummond,2020,26.616707225348318,0.7697916666666667,82.0,279.0,9.0,0.8541666666666666,1879.0,0.9447916666666667,0.8489583333333333,0,,0.8854166666666666
davisan02,Anthony Davis,2020,27.032869089636446,0.9916666666666667,82.0,253.0,1.0,0.9958333333333337,1889.0,0.9916666666666667,0.9906250000000001,0,,0.9958333333333333
baynear01,Aron Baynes,2020,33.28624869327354,0.4927083333333333,82.0,260.0,61.0,0.575,934.0,0.6625,0.534375,0,,0.5729166666666666
riverau01,Austin Rivers,2020,27.640684444348203,0.34375,75.0,200.0,10.0,0.60625,1402.0,0.2875,0.22291666666666665,0,,0.3541666666666667
bealbr01,Bradley Beal,2020,26.734437225391318,0.9104166666666667,75.0,207.0,3.0,0.9114583333333333,2053.0,0.9510416666666666,0.9552083333333332,0,,0.9479166666666693
lillada01,Damian Lillard,2020,29.688638885644785,0.9770833333333333,74.0,195.0,6.0,0.9916666666666667,2140.0,0.98125,0.9906250000000001,0,,0.9874999999999999
waitedi01,Dion Waiters,2020,28.284092591870913,0.8427083333333334,75.0,215.0,4.0,0.115625,42.0,0.5322916666666666,0.3614583333333333,0,,0.4427083333333333
waitedi01,Dion Waiters,2020,28.284092591870913,0.8427083333333334,75.0,215.0,4.0,0.115625,42.0,0.5322916666666666,0.3614583333333333,0,,0.4427083333333333
greendr01,Draymond Green,2020,30.052780519298125,0.6177083333333333,78.0,230.0,35.0,0.43229166666666663,1222.0,0.47916666666666663,0.6812499999999999,0,,0.5552083333333333
fournev01,Evan Fournier,2020,27.397010722436725,0.7822916666666666,79.0,205.0,20.0,0.8645833333333333,1931.0,0.75625,0.890625,0,,0.85625
barneha02,Harrison Barnes,2020,27.813172587293064,0.4760416666666667,80.0,225.0,7.0,0.84375,2231.0,0.5208333333333334,0.6458333333333333,0,,0.64375
crowdja01,Jae Crowder,2020,29.71328004922579,0.5541666666666667,78.0,235.0,34.0,0.734375,1695.0,0.4395833333333333,0.6812499999999999,0,,0.6208333333333333
lambje01,Jeremy Lamb,2020,27.813172586912955,0.5927083333333334,77.0,185.0,12.0,0.6729166666666666,1291.0,0.5739583333333333,0.6458333333333333,0,,0.6416666666666666
hensojo01,John Henson,2020,29.234146323822685,0.7697916666666667,81.0,219.0,14.0,0.475,600.0,0.7708333333333334,0.6458333333333333,0,,0.6833333333333335
valanjo01,Jonas Valančiūnas,2020,27.878882354378078,0.8854166666666666,83.0,265.0,5.0,0.9541666666666666,1630.0,0.9479166666666666,0.9135416666666667,0,,0.9458333333333333
holidju01,Justin Holiday,2020,30.964503551920448,0.8197916666666667,78.0,181.0,61.0,0.828125,1617.0,0.48958333333333337,0.875,0,,0.78125
bazemke01,Kent Bazemore,2020,30.726305642765247,0.24583333333333332,76.0,195.0,61.0,0.34479166666666666,1604.0,0.21354166666666669,0.06354166666666666,0,,0.19375
middlkh01,Khris Middleton,2020,28.6126414317776,0.9635416666666667,79.0,222.0,39.0,0.9708333333333333,1653.0,0.9249999999999999,0.9625,0,,0.96875
oquinky01,Kyle O'Quinn,2020,29.99254656441186,0.8083333333333333,81.0,250.0,49.0,0.3729166666666667,258.0,0.8312499999999999,0.534375,0,,0.65625
harklma01,Maurice Harkless,2020,26.865856762854825,0.5239583333333333,79.0,220.0,15.0,0.6729166666666666,1427.0,0.253125,0.6458333333333333,0,,0.5270833333333333
leoname01,Meyers Leonard,2020,28.067797938009473,0.5541666666666667,84.0,260.0,11.0,0.5874999999999999,987.0,0.353125,0.5854166666666667,0,,0.5135416666666666
kiddgmi01,Michael Kidd-Gilchrist,2020,26.488025594309583,0.05625,78.0,232.0,2.0,0.027083333333333334,231.0,0.058333333333333334,0.084375,0,,0.01041666666666667
scottmi01,Mike Scott,2020,31.684573094698465,0.34375,79.0,237.0,43.0,0.5874999999999999,1119.0,0.2791666666666667,0.22291666666666665,0,,0.34375
scottmi01,Mike Scott,2020,31.684573094698465,0.34375,79.0,237.0,43.0,0.5874999999999999,1119.0,0.2791666666666667,0.22291666666666665,0,,0.34375
beverpa01,Patrick Beverley,2020,31.69552472199159,0.8635416666666667,73.0,185.0,61.0,0.759375,1299.0,0.459375,0.828125,0,,0.7583333333333333
rosste01,Terrence Ross,2020,29.1273679508495,0.5927083333333334,78.0,206.0,8.0,0.6927083333333333,1723.0,0.58125,0.7124999999999999,0,,0.6645833333333333
bartowi01,Will Barton,2020,29.209505160249254,0.7822916666666666,77.0,175.0,40.0,0.8729166666666667,1916.0,0.6958333333333333,0.875,0,,0.8395833333333333
lenal01,Alex Len,2020,26.767292110668137,0.5770833333333334,84.0,250.0,5.0,0.6208333333333333,895.0,0.8270833333333333,0.5854166666666667,0,,0.6729166666666666
mclembe01,Ben McLemore,2020,27.109530484984194,0.5364583333333333,75.0,195.0,7.0,0.7083333333333333,1437.0,0.40729166666666666,0.6458333333333333,0,,0.5864583333333333
mccolcj01,CJ McCollum,2020,28.508600965624403,0.75625,75.0,197.0,10.0,0.7958333333333333,2229.0,0.7895833333333333,0.890625,0,,0.8416666666666667
zelleco01,Cody Zeller,2020,27.46272049074445,0.5541666666666667,84.0,240.0,4.0,0.7885416666666667,1341.0,0.8520833333333333,0.6458333333333333,0,,0.7333333333333333
schrode01,Dennis Schröder,2020,26.518142572713202,0.628125,73.0,172.0,17.0,0.7770833333333333,1952.0,0.7614583333333333,0.78125,0,,0.7666666666666666
dedmode01,Dewayne Dedmon,2020,30.6113135471106,0.09375,84.0,245.0,61.0,0.17604166666666665,774.0,0.23229166666666667,0.026041666666666664,0,,0.11458333333333355
antetgi01,Giannis Antetokounmpo,2020,25.294298139295265,1.0,83.0,242.0,15.0,0.9979166666666667,1763.0,1.0,0.9979166666666667,0,,1.0
dienggo01,Gorgui Dieng,2020,30.175986333285486,0.8427083333333334,82.0,252.0,21.0,0.6729166666666666,1012.0,0.7895833333333333,0.7625,0,,0.8
olynyke01,Kelly Olynyk,2020,28.92750073818777,0.7791666666666667,83.0,240.0,13.0,0.734375,1089.0,0.625,0.7375,0,,0.7458333333333335
caldwke01,Kentavious Caldwell-Pope,2020,27.090365136758138,0.6041666666666666,77.0,205.0,8.0,0.8041666666666667,1603.0,0.3989583333333333,0.7124999999999999,0,,0.6520833333333351
plumlma01,Mason Plumlee,2020,30.050042611412472,0.875,83.0,238.0,22.0,0.7083333333333333,900.0,0.859375,0.78125,0,,0.8375
dellama01,Matthew Dellavedova,2020,29.538054001772732,0.115625,75.0,200.0,61.0,0.21875,821.0,0.15104166666666669,0.026041666666666664,0,,0.10833333333333334
cartemi01,Michael Carter-Williams,2020,28.451104920151288,0.6864583333333334,77.0,190.0,11.0,0.5635416666666666,773.0,0.6958333333333333,0.6458333333333333,0,,0.6666666666666669
muscami01,Mike Muscala,2020,28.727633527385343,0.6177083333333333,82.0,240.0,44.0,0.41145833333333337,492.0,0.44895833333333335,0.534375,0,,0.5
porteot01,Otto Porter,2020,26.80288490190035,0.7697916666666667,80.0,198.0,3.0,0.3729166666666667,331.0,0.7041666666666666,0.5854166666666667,0,,0.625
bullore01,Reggie Bullock,2020,29.020589577346602,0.24583333333333332,78.0,200.0,25.0,0.3041666666666667,684.0,0.22499999999999998,0.125,0,,0.2041666666666666
covinro01,Robert Covington,2020,29.272477020545775,0.6520833333333333,79.0,211.0,61.0,0.7447916666666667,1867.0,0.5385416666666667,0.78125,0,,0.70625
goberru01,Rudy Gobert,2020,27.739249097772717,0.9416666666666665,85.0,245.0,27.0,0.99375,2142.0,0.934375,0.975,0,,0.9770833333333333
curryse01,Seth Curry,2020,29.581860512165086,0.796875,74.0,185.0,61.0,0.8541666666666666,1448.0,0.7322916666666666,0.8166666666666667,0,,0.8312499999999999
hillso01,Solomon Hill,2020,29.01511376244762,0.41874999999999996,78.0,225.0,23.0,0.4583333333333333,992.0,0.26145833333333335,0.46562499999999996,0,,0.39166666666666666
adamsst01,Steven Adams,2020,26.674203272119534,0.9302083333333333,83.0,265.0,12.0,0.9541666666666666,1564.0,0.9156249999999999,0.9291666666666667,0,,0.95
hardati02,Tim Hardaway Jr.,2020,28.018515611170336,0.6864583333333334,77.0,205.0,24.0,0.84375,1815.0,0.65625,0.7989583333333333,0,,0.7729166666666667
snellto01,Tony Snell,2020,28.366229802577763,0.3895833333333333,78.0,213.0,20.0,0.6510416666666667,1641.0,0.253125,0.46562499999999996,0,,0.4270833333333333
danietr01,Troy Daniels,2020,28.689302828972234,0.35520833333333335,76.0,205.0,61.0,0.34479166666666666,457.0,0.19791666666666669,0.3614583333333333,0,,0.3052083333333333
oladivi01,Victor Oladipo,2020,27.88435816911082,0.24583333333333332,76.0,210.0,2.0,0.17604166666666665,337.0,0.43229166666666663,0.22291666666666665,0,,0.2625
gordoaa01,Aaron Gordon,2020,24.516732551093085,0.6041666666666666,80.0,220.0,4.0,0.7447916666666667,1914.0,0.6333333333333333,0.7375,0,,0.7083333333333325
wiggian01,Andrew Wiggins,2020,25.078003487617053,0.6041666666666666,79.0,194.0,1.0,0.5635416666666666,1858.0,0.7489583333333334,0.7375,0,,0.68125
bogdabo02,Bojan Bogdanović,2020,30.92891076091037,0.6645833333333333,80.0,216.0,61.0,0.8541666666666666,2083.0,0.6958333333333333,0.7989583333333333,0,,0.7833333333333333
cabocbr01,Bruno Caboclo,2020,24.50304301438808,0.4510416666666667,81.0,218.0,20.0,0.2552083333333333,220.0,0.5260416666666667,0.3614583333333333,0,,0.38541666666666663
capelca01,Clint Capela,2020,25.8473553549589,0.8083333333333333,82.0,240.0,25.0,0.9010416666666667,1279.0,0.9114583333333333,0.7989583333333333,0,,0.8875
exumda01,Dante Exum,2020,24.69469650643028,0.2677083333333333,77.0,190.0,5.0,0.28125,485.0,0.296875,0.22291666666666665,0,,0.25416666666666665
mcderdo01,Doug McDermott,2020,28.21838282392279,0.6385416666666667,79.0,225.0,11.0,0.7083333333333333,1242.0,0.5895833333333333,0.6812499999999999,0,,0.6770833333333325
poweldw01,Dwight Powell,2020,28.675613292873216,0.796875,82.0,240.0,45.0,0.7958333333333333,1061.0,0.715625,0.7625,0,,0.8020833333333334
paytoel01,Elfrid Payton,2020,26.08007745182906,0.6385416666666667,75.0,185.0,10.0,0.5291666666666667,1246.0,0.715625,0.6812499999999999,0,,0.6604166666666664
harriga01,Gary Harris,2020,25.521544421839696,0.328125,76.0,205.0,19.0,0.60625,1780.0,0.253125,0.125,0,,0.3104166666666667
robingl02,Glenn Robinson III,2020,26.203283266747626,0.41874999999999996,78.0,222.0,61.0,0.6864583333333334,1743.0,0.5260416666666667,0.534375,0,,0.5416666666666666
parkeja01,Jabari Parker,2020,25.023245347228652,0.628125,80.0,245.0,2.0,0.44791666666666663,852.0,0.7708333333333334,0.6166666666666667,0,,0.6385416666666666
sampsja02,JaKarr Sampson,2020,27.008227926862265,0.3895833333333333,79.0,215.0,61.0,0.3729166666666667,340.0,0.41666666666666663,0.3614583333333333,0,,0.37083333333333335
ennisja01,James Ennis,2020,29.726969585432297,0.31354166666666666,78.0,210.0,50.0,0.5874999999999999,1053.0,0.38958333333333334,0.22291666666666665,0,,0.36875
greenja01,JaMychal Green,2020,29.754348654020138,0.5239583333333333,80.0,227.0,61.0,0.6510416666666667,1130.0,0.328125,0.5854166666666667,0,,0.5208333333333334
grantje01,Jerami Grant,2020,26.030795125131636,0.5927083333333334,80.0,214.0,39.0,0.828125,1676.0,0.58125,0.7124999999999999,0,,0.7041666666666666
harrijo01,Joe Harris,2020,28.544193757957675,0.5770833333333334,78.0,220.0,33.0,0.8041666666666667,1946.0,0.48958333333333337,0.7375,0,,0.6708333333333333
inglejo01,Joe Ingles,2020,32.47309031283978,0.734375,79.0,226.0,61.0,0.8541666666666666,1916.0,0.475,0.828125,0,,0.7520833333333333
clarkjo01,Jordan Clarkson,2020,27.791269330926067,0.8197916666666667,76.0,194.0,46.0,0.7770833333333333,1527.0,0.8197916666666667,0.8489583333333333,0,,0.8479166666666667
randlju01,Julius Randle,2020,25.313463489847848,0.6041666666666666,80.0,250.0,7.0,0.6729166666666666,2080.0,0.796875,0.7625,0,,0.73125
anderky01,Kyle Anderson,2020,26.504453036877674,0.725,81.0,230.0,30.0,0.60625,1140.0,0.5104166666666666,0.7124999999999999,0,,0.6583333333333333
gallola01,Langston Galloway,2020,28.286830499360203,0.5239583333333333,73.0,200.0,61.0,0.7239583333333333,1702.0,0.459375,0.6458333333333333,0,,0.6
smartma01,Marcus Smart,2020,26.047222566978583,0.8197916666666667,75.0,227.0,6.0,0.8354166666666667,1721.0,0.5677083333333333,0.875,0,,0.816666666666664
noelne01,Nerlens Noel,2020,25.95139582228293,0.9541666666666666,82.0,220.0,6.0,0.8895833333333333,1014.0,0.934375,0.875,0,,0.9354166666666667
vonleno01,Noah Vonleh,2020,24.579704411474243,0.5239583333333333,82.0,257.0,9.0,0.41145833333333337,364.0,0.6875,0.46562499999999996,0,,0.5208333333333334
hoodro01,Rodney Hood,2020,27.421651883882387,0.5135416666666666,80.0,208.0,23.0,0.43229166666666663,619.0,0.44895833333333335,0.534375,0,,0.46875
napiesh01,Shabazz Napier,2020,28.692040735429202,0.5770833333333334,72.0,175.0,24.0,0.5635416666666666,1234.0,0.609375,0.6458333333333333,0,,0.6145833333333334
dinwisp01,Spencer Dinwiddie,2020,26.961683507905832,0.8291666666666666,77.0,215.0,38.0,0.9114583333333333,1994.0,0.8197916666666667,0.921875,0,,0.8937499999999999
warretj01,T.J. Warren,2020,26.54552164265709,0.6645833333333333,80.0,215.0,14.0,0.9239583333333332,1984.0,0.78125,0.7989583333333333,0,,0.8270833333333333
lavinza01,Zach LaVine,2020,25.036934882348334,0.8989583333333333,78.0,181.0,13.0,0.828125,2085.0,0.8729166666666667,0.9510416666666666,0,,0.90625
marjabo01,Boban Marjanović,2020,31.602435883347955,0.6385416666666667,88.0,290.0,61.0,0.4583333333333333,337.0,0.96875,0.534375,0,,0.66875
portibo01,Bobby Portis,2020,25.1135962783297,0.50625,82.0,246.0,22.0,0.5635416666666666,1393.0,0.61875,0.5854166666666667,0,,0.5770833333333333
woodch01,Christian Wood,2020,24.486615573664498,0.9208333333333333,82.0,214.0,61.0,0.9114583333333333,1325.0,0.9541666666666666,0.9020833333333333,0,,0.94375
feliccr01,Cristiano Felício,2020,27.709132121209613,0.24583333333333332,82.0,270.0,61.0,0.41145833333333337,386.0,0.5020833333333333,0.22291666666666665,0,,0.325
russeda01,D'Angelo Russell,2020,24.078667428913224,0.8531249999999999,76.0,198.0,2.0,0.5479166666666666,1452.0,0.846875,0.8489583333333333,0,,0.8145833333333333
wrighde01,Delon Wright,2020,27.90626142387389,0.8927083333333332,77.0,183.0,20.0,0.8541666666666666,1412.0,0.7239583333333333,0.890625,0,,0.8666666666666667
bookede01,Devin Booker,2020,23.39419067699187,0.8291666666666666,77.0,210.0,61.0,0.95,2241.0,0.8822916666666667,0.9395833333333333,0,,0.9239583333333332
bookede01,Devin Booker,2020,23.39419067699187,0.8291666666666666,77.0,210.0,13.0,0.95,2241.0,0.8822916666666667,0.9395833333333333,0,,0.9239583333333332
mudiaem01,Emmanuel Mudiay,2020,24.048550452364474,0.4927083333333333,75.0,200.0,7.0,0.43229166666666663,752.0,0.546875,0.534375,0,,0.4979166666666667
kaminfr01,Frank Kaminsky,2020,26.967159321148,0.628125,84.0,240.0,9.0,0.475,718.0,0.609375,0.5854166666666667,0,,0.5864583333333333
okafoja01,Jahlil Okafor,2020,24.270320918990056,0.6177083333333333,82.0,275.0,3.0,0.43229166666666663,424.0,0.809375,0.534375,0,,0.6125
mcraejo01,Jordan McRae,2020,28.987734693214065,0.4354166666666667,77.0,179.0,58.0,0.34479166666666666,784.0,0.58125,0.46562499999999996,0,,0.4375
richajo01,Josh Richardson,2020,26.518142572531183,0.40208333333333335,77.0,200.0,40.0,0.5635416666666666,1474.0,0.4395833333333333,0.46562499999999996,0,,0.45208333333333334
winslju01,Justise Winslow,2020,23.991054404502695,0.20729166666666665,78.0,225.0,10.0,0.115625,352.0,0.18333333333333335,0.22291666666666665,0,,0.1625
townska01,Karl-Anthony Towns,2020,24.35245812957449,0.984375,83.0,248.0,1.0,0.9114583333333333,1187.0,0.9854166666666666,0.96875,0,,0.979166666666667
oubreke01,Kelly Oubre Jr.,2020,24.286748361281948,0.5541666666666667,79.0,205.0,15.0,0.7885416666666667,1933.0,0.6447916666666667,0.7124999999999999,0,,0.6958333333333333
looneke01,Kevon Looney,2020,24.125211849172345,0.10208333333333333,81.0,220.0,30.0,0.115625,262.0,0.23229166666666667,0.125,0,,0.12916666666666665
porzikr01,Kristaps Porziņģis,2020,24.6399383645681,0.8083333333333333,87.0,240.0,4.0,0.8541666666666666,1597.0,0.8666666666666667,0.8489583333333333,0,,0.875
nancela02,Larry Nance Jr.,2020,27.22178467386879,0.8427083333333334,79.0,230.0,27.0,0.815625,1472.0,0.7854166666666665,0.8489583333333333,0,,0.8541666666666675
hezonma01,Mario Hezonja,2020,25.072527671877943,0.2677083333333333,80.0,201.0,5.0,0.34479166666666666,767.0,0.23958333333333331,0.125,0,,0.2291666666666667
harremo01,Montrezl Harrell,2020,26.15400093982242,0.9104166666666667,79.0,240.0,32.0,0.9666666666666667,1749.0,0.9510416666666666,0.9468749999999999,0,,0.9583333333333329
turnemy01,Myles Turner,2020,23.99653021915906,0.6645833333333333,83.0,250.0,11.0,0.7958333333333333,1628.0,0.625,0.7625,0,,0.7354166666666666
bjeline01,Nemanja Bjelica,2020,31.870750771654023,0.8197916666666667,82.0,235.0,61.0,0.8875,1821.0,0.6875,0.9020833333333333,0,,0.8604166666666666
jokicni01,Nikola Jokić,2020,25.088955114719315,0.98125,84.0,253.0,41.0,0.9874999999999999,2101.0,0.9708333333333333,0.99375,0,,0.9854166666666666
powelno01,Norman Powell,2020,26.82752606405108,0.8854166666666666,75.0,215.0,46.0,0.84375,1269.0,0.7895833333333333,0.8489583333333333,0,,0.8708333333333333
connapa01,Pat Connaughton,2020,27.208095137168065,0.70625,77.0,209.0,41.0,0.7083333333333333,1119.0,0.365625,0.7124999999999999,0,,0.6458333333333333
netora01,Raul Neto,2020,27.84328956390972,0.378125,73.0,179.0,47.0,0.3729166666666667,565.0,0.38958333333333334,0.3614583333333333,0,,0.3625
holmeri01,Richaun Holmes,2020,26.436005362802245,0.8083333333333333,82.0,240.0,37.0,0.88125,1125.0,0.9052083333333334,0.78125,0,,0.8729166666666667
holliro01,Rondae Hollis-Jefferson,2020,25.217636743930054,0.70625,78.0,217.0,23.0,0.734375,998.0,0.6802083333333333,0.6812499999999999,0,,0.7208333333333333
johnsst04,Stanley Johnson,2020,23.815828356384134,0.07604166666666667,78.0,245.0,8.0,0.053125,96.0,0.04791666666666666,0.22291666666666665,0,,0.06041666666666667
roziete01,Terry Rozier,2020,26.017105591046562,0.5927083333333334,73.0,190.0,16.0,0.7083333333333333,2164.0,0.6447916666666667,0.7375,0,,0.69375
antetth01,Thanasis Antetokounmpo,2020,27.679015142414546,0.34375,78.0,205.0,51.0,0.21875,93.0,0.58125,0.3614583333333333,0,,0.36666666666666664
mccontj01,T.J. McConnell,2020,27.993874449341874,0.6729166666666666,73.0,190.0,61.0,0.6927083333333333,1188.0,0.7322916666666666,0.7124999999999999,0,,0.725
lylestr01,Trey Lyles,2020,24.37983719998855,0.4760416666666667,81.0,234.0,12.0,0.60625,1271.0,0.48958333333333337,0.534375,0,,0.5291666666666667
jonesty01,Tyus Jones,2020,23.867848589135953,0.725,72.0,196.0,24.0,0.7083333333333333,1232.0,0.6958333333333333,0.7375,0,,0.7416666666666667
caulewi01,Willie Cauley-Stein,2020,26.594803967578176,0.70625,84.0,240.0,6.0,0.7083333333333333,1097.0,0.7708333333333334,0.7124999999999999,0,,0.7541666666666665
ingrabr01,Brandon Ingram,2020,22.553653225564084,0.8927083333333332,79.0,190.0,2.0,0.8927083333333332,1919.0,0.8624999999999999,0.9395833333333333,0,,0.91875
forbebr01,Bryn Forbes,2020,26.665989550820022,0.2885416666666667,74.0,190.0,61.0,0.49479166666666663,1579.0,0.365625,0.084375,0,,0.3
hieldbu01,Buddy Hield,2020,27.26285327888441,0.796875,76.0,220.0,6.0,0.7239583333333333,2045.0,0.740625,0.9020833333333333,0,,0.822916666666667
leverca01,Caris LeVert,2020,25.576302562396677,0.5541666666666667,78.0,205.0,20.0,0.44791666666666663,1131.0,0.6625,0.6166666666666667,0,,0.5791666666666666
randlch01,Chasson Randle,2020,27.125957928860334,0.09375,74.0,185.0,61.0,0.115625,40.0,0.10208333333333333,0.3614583333333333,0,,0.14583333333333334
diallch01,Cheick Diallo,2020,23.522872306348564,0.4510416666666667,80.0,220.0,33.0,0.4583333333333333,467.0,0.740625,0.46562499999999996,0,,0.53125
jonesda03,Damian Jones,2020,24.730289296072197,0.4510416666666667,83.0,245.0,30.0,0.6864583333333334,887.0,0.6802083333333333,0.46562499999999996,0,,0.5833333333333334
houseda01,Danuel House,2020,26.79193327218611,0.5770833333333334,78.0,215.0,61.0,0.7770833333333333,1739.0,0.37916666666666665,0.7124999999999999,0,,0.6291666666666667
saricda01,Dario Šarić,2020,25.956871635537077,0.5135416666666666,82.0,225.0,12.0,0.6729166666666666,1441.0,0.5208333333333334,0.6166666666666667,0,,0.5958333333333333
bertada01,Dāvis Bertāns,2020,27.35868002298866,0.75625,82.0,225.0,61.0,0.7770833333333333,1583.0,0.6802083333333333,0.7989583333333333,0,,0.7791666666666667
bembrde01,DeAndre' Bembry,2020,25.718673725601192,0.328125,77.0,210.0,21.0,0.21875,915.0,0.24583333333333335,0.22291666666666665,0,,0.24375
murrade01,Dejounte Murray,2020,23.50644486477528,0.7697916666666667,76.0,170.0,29.0,0.6510416666666667,1447.0,0.7760416666666667,0.7989583333333333,0,,0.775
valende01,Denzel Valentine,2020,26.348392338724064,0.5770833333333334,76.0,210.0,14.0,0.3041666666666667,488.0,0.5104166666666666,0.534375,0,,0.46666666666666695
jonesde02,Derrick Jones Jr.,2020,23.098496720321375,0.7427083333333333,78.0,210.0,61.0,0.815625,1249.0,0.6333333333333333,0.7625,0,,0.76875
sabondo01,Domantas Sabonis,2020,23.887013938863042,0.9302083333333333,83.0,240.0,11.0,0.9739583333333333,2159.0,0.9114583333333333,0.96875,0,,0.9625
finnedo01,Dorian Finney-Smith,2020,26.88502211027263,0.6177083333333333,79.0,220.0,61.0,0.8729166666666667,1898.0,0.44895833333333335,0.7625,0,,0.6979166666666666
bendedr01,Dragan Bender,2020,22.345572294646548,0.2677083333333333,84.0,225.0,4.0,0.2552083333333333,286.0,0.340625,0.22291666666666665,0,,0.2677083333333333
vanvlfr01,Fred VanVleet,2020,26.071863730118327,0.8854166666666666,73.0,195.0,61.0,0.8927083333333332,1719.0,0.715625,0.9135416666666667,0,,0.88125
paytoga02,Gary Payton II,2020,27.30665978987603,0.41874999999999996,75.0,190.0,61.0,0.28125,432.0,0.37291666666666673,0.3614583333333333,0,,0.3458333333333333
niangge01,Georges Niang,2020,26.76455420328912,0.70625,79.0,230.0,50.0,0.5291666666666667,772.0,0.46875,0.6458333333333333,0,,0.5979166666666667
zubaciv01,Ivica Zubac,2020,23.013621602802672,0.8989583333333333,84.0,240.0,32.0,0.9375,1156.0,0.91875,0.828125,0,,0.9166666666666671
laymaja01,Jake Layman,2020,26.044484659909422,0.19166666666666665,80.0,209.0,47.0,0.2552083333333333,505.0,0.2875,0.125,0,,0.18958333333333333
poeltja01,Jakob Pöltl,2020,24.437333247155333,0.9208333333333333,85.0,230.0,9.0,0.7447916666666667,965.0,0.8760416666666666,0.8166666666666667,0,,0.8645833333333334
murraja01,Jamal Murray,2020,23.076593464608084,0.7791666666666667,76.0,201.0,7.0,0.84375,1804.0,0.796875,0.8489583333333333,0,,0.85
brownja02,Jaylen Brown,2020,23.410618119260945,0.75625,78.0,223.0,3.0,0.8729166666666667,1702.0,0.7760416666666667,0.8166666666666667,0,,0.8354166666666667
carusal01,Alex Caruso,2020,26.063650009158582,0.6520833333333333,77.0,186.0,61.0,0.60625,1032.0,0.340625,0.6458333333333333,0,,0.5666666666666667
embiijo01,Joel Embiid,2020,26.01984349726361,0.9739583333333333,84.0,250.0,3.0,0.9375,1329.0,0.9781249999999999,0.9510416666666666,0,,0.9729166666666667
hernaju01,Juan Hernangómez,2020,24.48387766593957,0.21979166666666666,81.0,220.0,15.0,0.41145833333333337,833.0,0.296875,0.084375,0,,0.24166666666666667
dunnkr01,Kris Dunn,2020,26.014367683851532,0.5541666666666667,75.0,205.0,5.0,0.6208333333333333,1269.0,0.4395833333333333,0.6166666666666667,0,,0.5625
brogdma01,Malcolm Brogdon,2020,27.279280720546236,0.8291666666666666,77.0,229.0,36.0,0.7770833333333333,1472.0,0.809375,0.8489583333333333,0,,0.8458333333333333
beaslma01,Malik Beasley,2020,23.320267187965428,0.36875,76.0,198.0,19.0,0.4583333333333333,1209.0,0.48958333333333337,0.3614583333333333,0,,0.4166666666666666
chrisma01,Marquese Chriss,2020,22.72340346157189,0.725,81.0,240.0,8.0,0.759375,1196.0,0.8697916666666667,0.7375,0,,0.8104166666666667
siakapa01,Pascal Siakam,2020,25.973299077850644,0.875,81.0,230.0,27.0,0.9197916666666666,1882.0,0.846875,0.9291666666666667,0,,0.9125
mccawpa01,Patrick McCaw,2020,24.409954176884195,0.3895833333333333,79.0,185.0,38.0,0.475,908.0,0.11666666666666667,0.3614583333333333,0,,0.31875
cookqu01,Quinn Cook,2020,27.000014205573212,0.21979166666666666,73.0,179.0,61.0,0.28125,409.0,0.30625,0.22291666666666665,0,,0.24791666666666667
mcgruro01,Rodney McGruder,2020,28.650972130216314,0.24583333333333332,76.0,200.0,61.0,0.3729166666666667,749.0,0.09375,0.125,0,,0.18333333333333332
labissk01,Skal Labissière,2020,24.012957660280563,0.46458333333333335,82.0,216.0,28.0,0.475,567.0,0.675,0.46562499999999996,0,,0.5135416666666666
princta02,Taurean Prince,2020,26.003416055464104,0.24583333333333332,79.0,218.0,61.0,0.34479166666666666,1857.0,0.21354166666666669,0.04791666666666666,0,,0.1875
makerth01,Thon Maker,2020,23.07111765105657,0.4510416666666667,84.0,221.0,10.0,0.49479166666666663,776.0,0.546875,0.46562499999999996,0,,0.4770833333333333
luwawti01,Timothé Luwawu-Cabarrot,2020,24.87266046160469,0.228125,79.0,210.0,24.0,0.41145833333333337,671.0,0.19791666666666669,0.125,0,,0.225
satorto01,Tomáš Satoranský,2020,28.396346779914992,0.4760416666666667,79.0,198.0,61.0,0.7770833333333333,1878.0,0.5322916666666666,0.6166666666666667,0,,0.6177083333333333
grahatr01,Treveon Graham,2020,26.400412570358284,0.10208333333333333,77.0,223.0,61.0,0.21875,929.0,0.09791666666666667,0.01875,0,,0.07291666666666667
hernawi01,Willy Hernangómez,2020,25.82271419357836,0.6520833333333333,83.0,240.0,35.0,0.3729166666666667,375.0,0.8624999999999999,0.534375,0,,0.6229166666666667
ferreyo01,Yogi Ferrell,2020,26.871332576909424,0.31354166666666666,72.0,180.0,61.0,0.28125,484.0,0.31666666666666665,0.22291666666666665,0,,0.28020833333333334
naderab01,Abdel Nader,2020,26.490763502671488,0.5239583333333333,77.0,225.0,58.0,0.43229166666666663,756.0,0.365625,0.534375,0,,0.4479166666666665
mckinal01,Alfonzo McKinnie,2020,27.512002816617493,0.11145833333333333,79.0,215.0,61.0,0.21875,593.0,0.18854166666666666,0.04791666666666666,0,,0.12291666666666666
zizican01,Ante Žižić,2020,23.21348881565346,0.228125,82.0,254.0,23.0,0.3041666666666667,221.0,0.7489583333333334,0.22291666666666665,0,,0.36458333333333376
clevean01,Antonius Cleveland,2020,26.134835590412028,0.05,77.0,195.0,61.0,0.115625,22.0,0.04375,0.3614583333333333,0,,0.12708333333333333
adebaba01,Bam Adebayo,2020,22.67959694822821,0.9395833333333333,81.0,255.0,14.0,0.9802083333333333,2235.0,0.9083333333333333,0.9791666666666666,0,,0.9666666666666667
simmobe01,Ben Simmons,2020,23.673457192262234,0.9479166666666666,82.0,230.0,1.0,0.9666666666666667,1930.0,0.9156249999999999,0.96875,0,,0.9645833333333336
bogdabo01,Bogdan Bogdanović,2020,27.594140026746185,0.6864583333333334,78.0,220.0,61.0,0.6302083333333333,1510.0,0.5895833333333333,0.7625,0,,0.6875
swanica01,Caleb Swanigan,2020,22.928746485418174,0.08541666666666667,81.0,260.0,26.0,0.115625,288.0,0.13645833333333335,0.084375,0,,0.06770833333333334
osmande01,Cedi Osman,2020,24.95753557906882,0.2989583333333333,79.0,215.0,31.0,0.5104166666666666,1910.0,0.31666666666666665,0.084375,0,,0.29583333333333334
bouchch01,Chris Boucher,2020,27.194405602963524,0.796875,81.0,200.0,61.0,0.734375,724.0,0.8822916666666667,0.6812499999999999,0,,0.8125
leeda03,Damion Lee,2020,27.418913978565545,0.34375,77.0,210.0,61.0,0.5291666666666667,1423.0,0.48958333333333337,0.22291666666666665,0,,0.3833333333333333
dotsoda01,Damyean Dotson,2020,25.880210240314558,0.4510416666666667,77.0,202.0,44.0,0.3927083333333333,836.0,0.33541666666666664,0.46562499999999996,0,,0.4125
theisda01,Daniel Theis,2020,27.9664953788736,0.8854166666666666,80.0,215.0,61.0,0.9447916666666667,1382.0,0.8375,0.875,0,,0.9041666666666667
foxde01,De'Aaron Fox,2020,22.255221363122523,0.8427083333333334,75.0,185.0,5.0,0.7770833333333333,1426.0,0.8979166666666667,0.8489583333333333,0,,0.86875
smithde03,Dennis Smith Jr.,2020,22.32366903824875,0.08125,74.0,195.0,9.0,0.004166666666666667,537.0,0.12604166666666666,0.034375,0,,0.0125
whitede01,Derrick White,2020,25.724149540427856,0.75625,76.0,190.0,29.0,0.759375,1468.0,0.7093750000000001,0.7989583333333333,0,,0.7916666666666675
brookdi01,Dillon Brooks,2020,24.16628045289333,0.15000000000000002,79.0,220.0,45.0,0.41145833333333337,1851.0,0.353125,0.00625,0,,0.2125
wilsodj01,D.J. Wilson,2020,24.08961905624865,0.2,82.0,231.0,17.0,0.2552083333333333,280.0,0.16458333333333333,0.22291666666666665,0,,0.18541666666666667
mitchdo01,Donovan Mitchell,2020,23.539299749044364,0.8531249999999999,73.0,215.0,13.0,0.9197916666666666,2165.0,0.859375,0.9395833333333333,0,,0.9145833333333333
bacondw01,Dwayne Bacon,2020,24.563276970359716,0.06770833333333334,78.0,221.0,40.0,0.00625,687.0,0.08541666666666668,0.01875,0,,0.0
sumneed01,Edmond Sumner,2020,24.2265144077659,0.234375,76.0,176.0,52.0,0.2552083333333333,345.0,0.26979166666666665,0.22291666666666665,0,,0.23124999999999998
jacksfr01,Frank Jackson,2020,21.885603915887284,0.08541666666666667,75.0,205.0,31.0,0.053125,656.0,0.14375,0.026041666666666664,0,,0.027083333333333334
masonfr01,Frank Mason III,2020,25.97056117006465,0.04791666666666666,71.0,190.0,61.0,0.053125,53.0,0.058333333333333334,0.22291666666666665,0,,0.05520833333333333
ntilila01,Frank Ntilikina,2020,21.652881821516317,0.228125,76.0,190.0,8.0,0.3927083333333333,1187.0,0.26145833333333335,0.06354166666666666,0,,0.21666666666666667
korkmfu01,Furkan Korkmaz,2020,22.66316950666741,0.4354166666666667,79.0,190.0,26.0,0.6208333333333333,1398.0,0.40729166666666666,0.534375,0,,0.49374999999999997
allenja01,Jarrett Allen,2020,21.921196708048168,0.8635416666666667,83.0,237.0,22.0,0.96875,1647.0,0.8979166666666667,0.9020833333333333,0,,0.9333333333333335
tatumja01,Jayson Tatum,2020,22.055354150781355,0.9479166666666666,80.0,204.0,3.0,0.9541666666666666,2043.0,0.8979166666666667,0.9729166666666665,0,,0.9562499999999999
motlejo01,Johnathan Motley,2020,24.88634999563687,0.9874999999999999,80.0,230.0,61.0,0.2552083333333333,41.0,0.9947916666666667,0.46562499999999996,0,,0.7010416666666666
collijo01,John Collins,2020,22.496157178380564,0.9208333333333333,81.0,235.0,19.0,0.8927083333333332,1363.0,0.9593750000000001,0.9020833333333333,0,,0.9395833333333333
isaacjo01,Jonathan Isaac,2020,22.468778109889637,0.85625,83.0,210.0,6.0,0.6208333333333333,949.0,0.7666666666666666,0.78125,0,,0.79375
grayjo01,Josh Gray,2020,26.534570013781938,0.0125,72.0,180.0,61.0,0.053125,23.0,0.016666666666666666,0.22291666666666665,0,,0.025
hartjo01,Josh Hart,2020,25.04788650892659,0.5541666666666667,77.0,215.0,30.0,0.6729166666666666,1563.0,0.40729166666666666,0.6812499999999999,0,,0.59375
jacksjo02,Josh Jackson,2020,23.112186255243408,0.6385416666666667,80.0,207.0,4.0,0.3041666666666667,357.0,0.5677083333333333,0.534375,0,,0.5020833333333333
jacksju01,Justin Jackson,2020,24.987652554442867,0.2677083333333333,79.0,210.0,15.0,0.4583333333333333,929.0,0.26979166666666665,0.125,0,,0.275
allenka01,Kadeem Allen,2020,27.183453975669483,0.5541666666666667,73.0,200.0,53.0,0.17604166666666665,117.0,0.5677083333333333,0.3614583333333333,0,,0.4145833333333333
birchkh01,Khem Birch,2020,27.481885839681663,0.24583333333333332,81.0,233.0,61.0,0.49479166666666663,777.0,0.2739583333333333,0.125,0,,0.2833333333333333
kuzmaky01,Kyle Kuzma,2020,24.66457952859535,0.20729166666666665,80.0,220.0,27.0,0.475,1327.0,0.3989583333333333,0.04791666666666666,0,,0.27708333333333335
markkla01,Lauri Markkanen,2020,22.835657648741808,0.5770833333333334,84.0,240.0,7.0,0.6510416666666667,1492.0,0.5895833333333333,0.6458333333333333,0,,0.6385416666666666
balllo01,Lonzo Ball,2020,22.403068340183648,0.7697916666666667,78.0,190.0,2.0,0.6510416666666667,1817.0,0.546875,0.828125,0,,0.71875
kennalu01,Luke Kennard,2020,23.74464277480214,0.6041666666666666,77.0,206.0,12.0,0.5635416666666666,922.0,0.5979166666666667,0.6166666666666667,0,,0.6041666666666666
kornelu01,Luke Kornet,2020,24.68922069249296,0.4927083333333333,86.0,240.0,61.0,0.43229166666666663,559.0,0.48958333333333337,0.46562499999999996,0,,0.45416666666666666
millema01,Malcolm Miller,2020,27.04655862462623,0.2677083333333333,79.0,210.0,61.0,0.17604166666666665,125.0,0.06458333333333333,0.3614583333333333,0,,0.19583333333333333
monkma01,Malik Monk,2020,22.129277641134767,0.34375,75.0,200.0,11.0,0.34479166666666666,1169.0,0.48958333333333337,0.22291666666666665,0,,0.3333333333333333
fultzma01,Markelle Fultz,2020,21.817156242186,0.40208333333333335,75.0,200.0,1.0,0.6729166666666666,1813.0,0.5979166666666667,0.46562499999999996,0,,0.5333333333333333
klebima01,Maxi Kleber,2020,28.14719724047335,0.725,82.0,240.0,61.0,0.88125,1695.0,0.55625,0.7989583333333333,0,,0.770833333333333
morrimo01,Monte Morris,2020,24.738503017828748,0.6520833333333333,74.0,175.0,51.0,0.759375,1402.0,0.6447916666666667,0.7375,0,,0.7166666666666667
mitrona01,Naz Mitrou-Long,2020,26.635872573936357,0.70625,75.0,218.0,61.0,0.115625,43.0,0.2739583333333333,0.3614583333333333,0,,0.3520833333333333
anunoog01,OG Anunoby,2020,22.68233485544225,0.75625,79.0,232.0,23.0,0.9114583333333333,1897.0,0.5166666666666666,0.8489583333333333,0,,0.7958333333333333
doziepj01,PJ Dozier,2020,23.40788021247521,0.115625,78.0,205.0,61.0,0.17604166666666665,234.0,0.22499999999999998,0.125,0,,0.14166666666666666
onealro01,Royce O'Neale,2020,26.797409087356534,0.7427083333333333,76.0,226.0,61.0,0.828125,1862.0,0.22499999999999998,0.828125,0,,0.6791666666666667
arcidry01,Ryan Arcidiacono,2020,25.99246442779125,0.28125,75.0,195.0,61.0,0.475,930.0,0.20520833333333333,0.125,0,,0.2677083333333333
ojelese01,Semi Ojeleye,2020,25.297036047051503,0.41874999999999996,78.0,235.0,37.0,0.5291666666666667,891.0,0.13645833333333335,0.46562499999999996,0,,0.37708333333333316
harrish01,Shaquille Harrison,2020,26.46064652600641,0.9052083333333334,79.0,190.0,61.0,0.49479166666666663,484.0,0.809375,0.6812499999999999,0,,0.75
brownst02,Sterling Brown,2020,25.113596276858107,0.36875,77.0,232.0,46.0,0.41145833333333337,665.0,0.22499999999999998,0.3614583333333333,0,,0.32291666666666663
fergute01,Terrance Ferguson,2020,21.850011125822036,0.16666666666666669,78.0,190.0,21.0,0.34479166666666666,1170.0,0.05416666666666667,0.034375,0,,0.13541666666666666
bryanth01,Thomas Bryant,2020,22.644004156962403,0.75625,82.0,248.0,42.0,0.6927083333333333,901.0,0.8895833333333333,0.7124999999999999,0,,0.7979166666666666
leaftj01,T.J. Leaf,2020,22.895891602373798,0.4354166666666667,82.0,225.0,18.0,0.28125,193.0,0.55625,0.3614583333333333,0,,0.40833333333333327
bradlto01,Tony Bradley,2020,22.203201129650257,0.7895833333333333,82.0,248.0,28.0,0.6729166666666666,535.0,0.9395833333333333,0.6166666666666667,0,,0.7875
craigto01,Torrey Craig,2020,29.258787486396848,0.34375,79.0,215.0,61.0,0.5291666666666667,869.0,0.296875,0.22291666666666665,0,,0.32708333333333334
iwundwe01,Wesley Iwundu,2020,25.255967442991803,0.2677083333333333,78.0,195.0,33.0,0.475,810.0,0.26666666666666666,0.125,0,,0.28020833333333334
colliza01,Zach Collins,2020,22.34009647893184,0.40208333333333335,83.0,232.0,10.0,0.17604166666666665,86.0,0.20520833333333333,0.3614583333333333,0,,0.2875
holidaa01,Aaron Holiday,2020,23.476327887826937,0.40208333333333335,72.0,185.0,23.0,0.5291666666666667,1368.0,0.40729166666666666,0.46562499999999996,0,,0.4354166666666667
johnsal02,Alize Johnson,2020,23.917130915988814,0.125,79.0,212.0,50.0,0.17604166666666665,54.0,0.328125,0.3614583333333333,0,,0.23333333333333342
trieral01,Allonzo Trier,2020,24.179969988994852,0.5770833333333334,76.0,200.0,61.0,0.3041666666666667,291.0,0.609375,0.46562499999999996,0,,0.47291666666666665
simonan01,Anfernee Simons,2020,20.790441112919808,0.14270833333333333,75.0,181.0,24.0,0.2552083333333333,1400.0,0.22499999999999998,0.01875,0,,0.13958333333333334
johnsbj01,B.J. Johnson,2020,24.253893478466267,0.0375,79.0,200.0,61.0,0.053125,46.0,0.03958333333333333,0.22291666666666665,0,,0.04791666666666666
wanambr01,Brad Wanamaker,2020,30.660595873734096,0.46458333333333335,75.0,210.0,61.0,0.6729166666666666,1215.0,0.41666666666666663,0.534375,0,,0.5208333333333334
goodwbr01,Brandon Goodwin,2020,24.47292603743039,0.2677083333333333,72.0,180.0,61.0,0.17604166666666665,430.0,0.40729166666666666,0.22291666666666665,0,,0.2562500000000002
brownbr01,Bruce Brown,2020,23.60227161042188,0.4760416666666667,76.0,202.0,42.0,0.5874999999999999,1634.0,0.425,0.5854166666666667,0,,0.5104166666666666
hutchch01,Chandler Hutchison,2020,23.90617928849852,0.2989583333333333,79.0,196.0,22.0,0.34479166666666666,527.0,0.46875,0.22291666666666665,0,,0.3125
metuch01,Chimezie Metu,2020,23.002669975509548,0.9156249999999999,81.0,225.0,49.0,0.21875,73.0,0.975,0.46562499999999996,0,,0.6625
chiozch01,Chris Chiozza,2020,24.33603068826359,0.7427083333333333,71.0,175.0,61.0,0.28125,249.0,0.50625,0.534375,0,,0.50625
sextoco01,Collin Sexton,2020,21.2148167005116,0.3895833333333333,73.0,190.0,8.0,0.6385416666666666,2143.0,0.740625,0.46562499999999996,0,,0.5645833333333333
aytonde01,Deandre Ayton,2020,21.66657135562218,0.70625,83.0,250.0,1.0,0.6302083333333333,996.0,0.9020833333333335,0.6812499999999999,0,,0.7625
meltode01,De'Anthony Melton,2020,21.819894147928576,0.6729166666666666,74.0,200.0,46.0,0.5479166666666666,1011.0,0.61875,0.6812499999999999,0,,0.6541666666666667
burtode02,Deonte Burton,2020,26.140311405789475,0.09375,76.0,240.0,61.0,0.020833333333333332,284.0,0.07708333333333334,0.084375,0,,0.01875
grahade01,Devonte' Graham,2020,25.080741394652183,0.70625,73.0,185.0,34.0,0.759375,2211.0,0.7041666666666666,0.8489583333333333,0,,0.7875
grahade01,Devonte' Graham,2020,25.080741394652183,0.70625,73.0,185.0,34.0,0.759375,2211.0,0.7041666666666666,0.8489583333333333,0,,0.7875
divindo01,Donte DiVincenzo,2020,23.139565324791317,0.8635416666666667,76.0,203.0,17.0,0.8729166666666667,1362.0,0.65625,0.8489583333333333,0,,0.84375
eubandr01,Drew Eubanks,2020,23.136827418855916,0.19166666666666665,81.0,245.0,61.0,0.2552083333333333,130.0,0.671875,0.22291666666666665,0,,0.31666666666666665
robindu01,Duncan Robinson,2020,25.91854093749954,0.6729166666666666,79.0,215.0,61.0,0.8875,1949.0,0.5020833333333333,0.7989583333333333,0,,0.7395833333333333
musadz01,Džanan Musa,2020,20.87531623141411,0.125,81.0,217.0,29.0,0.115625,404.0,0.16458333333333333,0.084375,0,,0.09375
okoboel01,Elie Okobo,2020,22.414019968505766,0.3614583333333333,75.0,190.0,31.0,0.3927083333333333,707.0,0.30625,0.3614583333333333,0,,0.33958333333333335
clarkga01,Gary Clark,2020,25.34905628124982,0.35520833333333335,78.0,225.0,61.0,0.3927083333333333,425.0,0.2875,0.3614583333333333,0,,0.33125
trentga02,Gary Trent Jr.,2020,21.176486000921507,0.4927083333333333,77.0,209.0,37.0,0.5104166666666666,1059.0,0.41666666666666663,0.5854166666666667,0,,0.49583333333333335
allengr01,Grayson Allen,2020,24.4564985956708,0.2989583333333333,76.0,198.0,21.0,0.34479166666666666,498.0,0.37916666666666665,0.22291666666666665,0,,0.3020833333333333
diallha01,Hamidou Diallo,2020,21.644668100310067,0.125,77.0,202.0,45.0,0.21875,699.0,0.16458333333333333,0.04791666666666666,0,,0.11875
gilesha01,Harry Giles,2020,21.918458801275232,0.4927083333333333,83.0,240.0,20.0,0.475,579.0,0.740625,0.46562499999999996,0,,0.54375
bongais01,Isaac Bonga,2020,20.37154134114597,0.328125,80.0,180.0,39.0,0.5291666666666667,1025.0,0.31666666666666665,0.22291666666666665,0,,0.32916666666666666
harteis01,Isaiah Hartenstein,2020,21.88286600867983,0.6864583333333334,84.0,249.0,43.0,0.43229166666666663,266.0,0.846875,0.534375,0,,0.6479166666666667
evansja02,Jacob Evans,2020,22.761734158559992,0.06354166666666666,76.0,210.0,28.0,0.0125,418.0,0.07083333333333333,0.04791666666666666,0,,0.008333333333333333
brunsja01,Jalen Brunson,2020,23.558465096799022,0.5239583333333333,73.0,190.0,33.0,0.6208333333333333,1022.0,0.65625,0.5854166666666667,0,,0.6083333333333333
jacksja02,Jaren Jackson Jr.,2020,20.519388319604726,0.6645833333333333,83.0,242.0,4.0,0.7239583333333333,1512.0,0.7239583333333333,0.7375,0,,0.7375
vandeja01,Jarred Vanderbilt,2020,20.97114297598551,0.08854166666666666,81.0,214.0,41.0,0.115625,46.0,0.13645833333333335,0.3614583333333333,0,,0.15
robinje01,Jerome Robinson,2020,23.07933137110675,0.13645833333333335,76.0,190.0,13.0,0.115625,748.0,0.08229166666666667,0.04791666666666666,0,,0.05520833333333333
carteje01,Jevon Carter,2020,24.52220836389113,0.5541666666666667,73.0,195.0,32.0,0.43229166666666663,754.0,0.296875,0.5854166666666667,0,,0.45
chealjo01,Joe Chealey,2020,24.390788828939627,0.022916666666666665,75.0,190.0,61.0,0.053125,33.0,0.01875,0.22291666666666665,0,,0.03125
willijo04,Johnathan Williams,2020,24.83706766959765,0.3895833333333333,81.0,228.0,61.0,0.2552083333333333,135.0,0.5979166666666667,0.3614583333333333,0,,0.38958333333333334
okogijo01,Josh Okogie,2020,21.557055075435294,0.328125,76.0,212.0,20.0,0.60625,1547.0,0.38958333333333334,0.22291666666666665,0,,0.375
bateske01,Keita Bates-Diop,2020,24.163542546416238,0.5239583333333333,80.0,229.0,48.0,0.43229166666666663,665.0,0.47916666666666663,0.534375,0,,0.48125
willike04,Kenrich Williams,2020,25.30524976762775,0.34375,78.0,210.0,61.0,0.3729166666666667,779.0,0.13645833333333335,0.22291666666666665,0,,0.259375
huertke01,Kevin Huerter,2020,21.57074460999827,0.41874999999999996,79.0,190.0,19.0,0.5104166666666666,1760.0,0.38958333333333334,0.534375,0,,0.4458333333333333
knoxke01,Kevin Knox,2020,20.615215065851572,0.15833333333333333,79.0,215.0,9.0,0.21875,1166.0,0.16458333333333333,0.034375,0,,0.13125
thomakh01,Khyri Thomas,2020,23.87332440415551,0.053125000000000006,75.0,210.0,38.0,0.115625,61.0,0.05,0.22291666666666665,0,,0.075
antetko01,Kostas Antetokounmpo,2020,22.337358572679705,0.9593750000000001,82.0,200.0,60.0,0.115625,5.0,0.18333333333333335,0.3614583333333333,0,,0.39791666666666664
shamela01,Landry Shamet,2020,23.027311137871333,0.41874999999999996,76.0,188.0,26.0,0.6729166666666666,1294.0,0.21354166666666669,0.46562499999999996,0,,0.42916666666666664
walkelo01,Lonnie Walker,2020,21.27231274708492,0.228125,77.0,205.0,18.0,0.3041666666666667,767.0,0.340625,0.125,0,,0.2375
doncilu01,Luka Dončić,2020,21.064231813436546,0.9895833333333334,79.0,218.0,3.0,0.9802083333333333,1799.0,0.9895833333333333,0.9874999999999999,0,,0.9916666666666667
baglema01,Marvin Bagley III,2020,21.02590111700921,0.21354166666666666,83.0,240.0,61.0,0.28125,334.0,0.6958333333333333,0.22291666666666665,0,,0.33541666666666664
frazime01,Melvin Frazier,2020,23.561203005690285,0.13645833333333335,77.0,200.0,35.0,0.115625,51.0,0.12604166666666666,0.3614583333333333,0,,0.16666666666666669
bridgmi01,Mikal Bridges,2020,23.56120300441411,0.7427083333333333,78.0,210.0,10.0,0.8354166666666667,1772.0,0.5104166666666666,0.828125,0,,0.7604166666666666
bridgmi02,Miles Bridges,2020,22.00607182580016,0.31354166666666666,78.0,225.0,12.0,0.5104166666666666,1995.0,0.4395833333333333,0.084375,0,,0.3208333333333333
robinmi01,Mitchell Robinson,2020,21.975954848336745,0.9156249999999999,84.0,223.0,36.0,0.9604166666666667,1412.0,0.9593750000000001,0.9135416666666667,0,,0.9520833333333333
bambamo01,Mo Bamba,2020,21.863700661317225,0.70625,84.0,241.0,6.0,0.6385416666666666,868.0,0.809375,0.6812499999999999,0,,0.7291666666666666
wagnemo01,Moritz Wagner,2020,22.906843229641538,0.41874999999999996,83.0,245.0,25.0,0.5479166666666666,707.0,0.7520833333333333,0.46562499999999996,0,,0.5458333333333333
spellom01,Omari Spellman,2020,22.671383227337707,0.40208333333333335,80.0,245.0,30.0,0.44791666666666663,886.0,0.5979166666666667,0.46562499999999996,0,,0.46458333333333335
williro04,Robert Williams,2020,22.430447410779056,0.94375,80.0,237.0,27.0,0.475,323.0,0.8760416666666666,0.6458333333333333,0,,0.7645833333333333
kurucro01,Rodions Kurucs,2020,22.126539733599525,0.2677083333333333,81.0,228.0,40.0,0.3041666666666667,501.0,0.16458333333333333,0.22291666666666665,0,,0.22083333333333333
gilgesh01,Shai Gilgeous-Alexander,2020,21.69668833340216,0.8197916666666667,77.0,181.0,11.0,0.9322916666666667,2214.0,0.809375,0.9291666666666667,0,,0.895833333333333
miltosh01,Shake Milton,2020,23.487279515803174,0.6041666666666666,77.0,207.0,54.0,0.5291666666666667,611.0,0.66875,0.5854166666666667,0,,0.6104166666666666
mykhasv01,Sviatoslav Mykhailiuk,2020,22.78363741533634,0.3895833333333333,79.0,205.0,47.0,0.5104166666666666,1265.0,0.365625,0.3614583333333333,0,,0.4041666666666667
pinsoth01,Theo Pinson,2020,24.37983720036352,0.06041666666666667,77.0,212.0,61.0,0.008333333333333333,365.0,0.06875,0.04791666666666666,0,,0.0020833333333333333
youngtr01,Trae Young,2020,21.507772748819438,0.9541666666666666,73.0,180.0,5.0,0.9447916666666667,2120.0,0.9635416666666667,0.9791666666666666,0,,0.975
browntr01,Troy Brown Jr.,2020,20.653545762857483,0.46458333333333335,78.0,215.0,15.0,0.60625,1519.0,0.546875,0.5854166666666667,0,,0.55
cartewe01,Wendell Carter Jr.,2020,20.935550185895742,0.328125,81.0,259.0,7.0,0.7447916666666667,1256.0,0.6802083333333333,0.22291666666666665,0,,0.48541666666666666
watanyu01,Yuta Watanabe,2020,25.44214511819456,0.2989583333333333,80.0,205.0,61.0,0.17604166666666665,99.0,0.23958333333333331,0.3614583333333333,0,,0.259375
smithzh01,Zhaire Smith,2020,20.801392741970677,0.03333333333333333,75.0,199.0,16.0,0.053125,32.0,0.03333333333333333,0.22291666666666665,0,,0.041666666666666664
mokokad01,Adam Mokoka,2020,21.68026089182875,0.16666666666666669,77.0,190.0,61.0,0.21875,112.0,0.15625,0.22291666666666665,0,,0.16875
schofad01,Admiral Schofield,2020,22.980766718838563,0.11145833333333333,77.0,241.0,42.0,0.17604166666666665,293.0,0.10729166666666667,0.125,0,,0.1125
smailal01,Alen Smailagić,2020,19.593975752610742,0.3614583333333333,82.0,215.0,39.0,0.21875,139.0,0.609375,0.3614583333333333,0,,0.37916666666666665
coffeam01,Amir Coffey,2020,22.76447206522525,0.06770833333333334,79.0,205.0,61.0,0.115625,98.0,0.07708333333333334,0.22291666666666665,0,,0.08958333333333333
pasecan01,Anžejs Pasečņiks,2020,24.256631384099233,0.10729166666666667,85.0,220.0,25.0,0.3041666666666667,405.0,0.3989583333333333,0.084375,0,,0.2020833333333334
clarkbr01,Brandon Clarke,2020,23.50644486423749,0.9375,80.0,210.0,21.0,0.8645833333333333,1086.0,0.9395833333333333,0.875,0,,0.9281250000000001
bowenbr02,Brian Bowen,2020,21.47217995875207,0.027083333333333334,78.0,190.0,61.0,0.053125,29.0,0.022916666666666665,0.22291666666666665,0,,0.03333333333333333
fernabr01,Bruno Fernando,2020,21.60359949408685,0.16666666666666669,81.0,233.0,34.0,0.3729166666666667,713.0,0.425,0.06354166666666666,0,,0.24583333333333332
martica02,Caleb Martin,2020,24.483877667169313,0.50625,77.0,205.0,61.0,0.3041666666666667,317.0,0.43229166666666663,0.46562499999999996,0,,0.41875
johnsca02,Cameron Johnson,2020,24.05402626570006,0.6177083333333333,80.0,205.0,11.0,0.5479166666666666,996.0,0.44895833333333335,0.6458333333333333,0,,0.5708333333333333
reddica01,Cam Reddish,2020,20.55771901740273,0.15833333333333333,80.0,208.0,10.0,0.016666666666666666,1551.0,0.20520833333333333,0.0125,0,,0.05833333333333335
edwarca01,Carsen Edwards,2020,22.030712987750782,0.11979166666666666,71.0,200.0,33.0,0.17604166666666665,316.0,0.09375,0.125,0,,0.11041666666666666
brownch02,Charlie Brown,2020,23.13408951102933,0.31354166666666666,78.0,199.0,61.0,0.115625,40.0,0.353125,0.3614583333333333,0,,0.28541666666666665
clemoch01,Chris Clemons,2020,22.665907412670272,0.46458333333333335,69.0,180.0,61.0,0.21875,251.0,0.47916666666666663,0.46562499999999996,0,,0.40625
silvach01,Chris Silva,2020,23.506444864374988,0.31354166666666666,80.0,230.0,61.0,0.43229166666666663,307.0,0.78125,0.3614583333333333,0,,0.45625
whiteco01,Coby White,2020,20.097750641728897,0.28125,76.0,185.0,7.0,0.3927083333333333,1674.0,0.425,0.084375,0,,0.29375
martico01,Cody Martin,2020,24.48387766715306,0.3614583333333333,77.0,205.0,36.0,0.41145833333333337,903.0,0.30625,0.3614583333333333,0,,0.34791666666666665
gaffoda01,Daniel Gafford,2020,21.47491786627644,0.46458333333333335,82.0,234.0,38.0,0.5479166666666666,609.0,0.7322916666666666,0.46562499999999996,0,,0.5552083333333333
jeffrda01,DaQuan Jeffries,2020,22.561866947937716,0.2989583333333333,77.0,216.0,61.0,0.115625,19.0,0.31666666666666665,0.3614583333333333,0,,0.2708333333333333
bazleda01,Darius Bazley,2020,19.777415521527775,0.31354166666666666,80.0,208.0,23.0,0.28125,909.0,0.15104166666666669,0.22291666666666665,0,,0.22708333333333333
garlada01,Darius Garland,2020,20.155246688814906,0.09895833333333334,73.0,175.0,5.0,0.0,1824.0,0.17604166666666665,0.0,0,,0.016666666666666666
huntede01,De'Andre Hunter,2020,22.304503687849127,0.12916666666666665,79.0,225.0,4.0,0.17604166666666665,2018.0,0.18333333333333335,0.004166666666666667,0,,0.09791666666666667
wadede01,Dean Wade,2020,23.336694630972122,0.4760416666666667,81.0,228.0,61.0,0.21875,71.0,0.5614583333333334,0.3614583333333333,0,,0.39583333333333354
hernade01,Dewan Hernandez,2020,23.284674397036223,0.004166666666666667,82.0,235.0,59.0,0.115625,11.0,0.058333333333333334,0.22291666666666665,0,,0.0625
pascher01,Eric Paschall,2020,23.380501143245173,0.2885416666666667,78.0,255.0,41.0,0.5874999999999999,1654.0,0.609375,0.084375,0,,0.38125
vincega01,Gabe Vincent,2020,23.772021844068814,0.03958333333333333,75.0,200.0,61.0,0.053125,42.0,0.035416666666666666,0.22291666666666665,0,,0.04375
mathega01,Garrison Mathews,2020,23.41061811894425,0.4927083333333333,77.0,215.0,61.0,0.321875,227.0,0.5145833333333334,0.46562499999999996,0,,0.43333333333333335
bitadgo01,Goga Bitadze,2020,20.675449019686027,0.31354166666666666,83.0,245.0,18.0,0.321875,410.0,0.44895833333333335,0.3614583333333333,0,,0.35
willigr01,Grant Williams,2020,21.310643444872273,0.2989583333333333,78.0,236.0,22.0,0.49479166666666663,970.0,0.14583333333333334,0.22291666666666665,0,,0.2895833333333333
brazdig01,Ignas Brazdeikis,2020,21.20386507241086,0.04375,78.0,216.0,47.0,0.053125,53.0,0.05208333333333327,0.22291666666666665,0,,0.052083333333333336
robyis01,Isaiah Roby,2020,22.132015547570184,0.016666666666666666,80.0,230.0,45.0,0.115625,11.0,0.010416666666666668,0.3614583333333333,0,,0.103125
lecquja01,Jalen Lecque,2020,19.77467761380098,0.041666666666666664,75.0,185.0,61.0,0.115625,26.0,0.06666666666666667,0.3614583333333333,0,,0.13333333333333333
mcdanja01,Jalen McDaniels,2020,22.140229269191114,0.21979166666666666,82.0,192.0,52.0,0.3041666666666667,293.0,0.31666666666666665,0.22291666666666665,0,,0.2520833333333333
moranja01,Ja Morant,2020,20.617952971848485,0.6864583333333334,75.0,175.0,2.0,0.759375,1771.0,0.8270833333333333,0.7989583333333333,0,,0.8041666666666667
harpeja01,Jared Harper,2020,22.520798341818562,0.014583333333333334,71.0,175.0,61.0,0.115625,8.0,0.0125,0.3614583333333333,0,,0.103125
brantja01,Jarrell Brantley,2020,23.791187193740413,0.2885416666666667,77.0,250.0,50.0,0.115625,13.0,0.04166666666666667,0.3614583333333333,0,,0.17916666666666667
culveja01,Jarrett Culver,2020,21.08613507022931,0.17291666666666664,78.0,195.0,6.0,0.053125,1506.0,0.24583333333333335,0.01875,0,,0.09583333333333333
greenja02,Javonte Green,2020,26.665989550578175,0.5541666666666667,76.0,220.0,61.0,0.41145833333333337,414.0,0.459375,0.46562499999999996,0,,0.46041666666666664
hayesja02,Jaxson Hayes,2020,19.832173660625365,0.6520833333333333,83.0,220.0,8.0,0.7770833333333333,951.0,0.809375,0.6458333333333333,0,,0.7479166666666667
hoardja01,Jaylen Hoard,2020,20.98209460345768,0.378125,80.0,216.0,61.0,0.21875,103.0,0.6447916666666667,0.3614583333333333,0,,0.3875
nowelja01,Jaylen Nowell,2020,20.705565996287284,0.19166666666666665,76.0,196.0,43.0,0.21875,151.0,0.30625,0.22291666666666665,0,,0.21458333333333332
martije02,Jeremiah Martin,2020,23.75833230979294,0.24583333333333332,75.0,184.0,61.0,0.115625,16.0,0.07708333333333334,0.3614583333333333,0,,0.17604166666666665
konchjo01,John Konchar,2020,24.0020060325225,0.9708333333333333,77.0,210.0,61.0,0.34479166666666666,167.0,0.85625,0.5854166666666667,0,,0.7125
bonejo01,Jordan Bone,2020,22.37842717833145,0.025,75.0,179.0,57.0,0.053125,53.0,0.03125,0.22291666666666665,0,,0.035416666666666666
mclaujo01,Jordan McLaughlin,2020,23.95272370656627,0.6729166666666666,71.0,170.0,61.0,0.5104166666666666,590.0,0.740625,0.5854166666666667,0,,0.65
poolejo01,Jordan Poole,2020,20.760324137565505,0.07291666666666667,76.0,195.0,28.0,0.0020833333333333333,1274.0,0.1125,0.0020833333333333333,0,,0.004166666666666667
reavejo02,Josh Reaves,2020,22.80006485590465,0.0,76.0,215.0,61.0,0.115625,1.0,0.0,0.3614583333333333,0,,0.0875
toscaju01,Juan Toscano-Anderson,2020,26.95073188039282,0.20729166666666665,78.0,215.0,61.0,0.21875,272.0,0.23229166666666667,0.22291666666666665,0,,0.19791666666666674
jamesju01,Justin James,2020,23.15873067544508,0.5364583333333333,79.0,190.0,40.0,0.21875,218.0,0.38958333333333334,0.46562499999999996,0,,0.39375
wrighju02,Justin Wright-Foreman,2020,22.403068341201237,0.06354166666666666,72.0,190.0,53.0,0.115625,2.0,0.027083333333333334,0.3614583333333333,0,,0.125
morgaju01,Juwan Morgan,2020,22.931484393529736,0.21979166666666666,80.0,232.0,61.0,0.17604166666666665,74.0,0.19270833333333331,0.3614583333333333,0,,0.21875
martike03,Kelan Martin,2020,24.637200458305227,0.15000000000000002,77.0,235.0,61.0,0.21875,495.0,0.21354166666666669,0.084375,0,,0.14375
johnske04,Keldon Johnson,2020,20.44820273799745,0.5135416666666666,77.0,211.0,29.0,0.21875,92.0,0.7520833333333333,0.3614583333333333,0,,0.4395833333333333
nunnke01,Kendrick Nunn,2020,24.637200458232847,0.36875,74.0,190.0,61.0,0.6302083333333333,1846.0,0.5322916666666666,0.3614583333333333,0,,0.46249999999999997
herveke01,Kevin Hervey,2020,23.703574169577657,0.008333333333333333,81.0,230.0,57.0,0.027083333333333334,19.0,0.004166666666666667,0.22291666666666665,0,,0.014583333333333334
porteke02,Kevin Porter Jr.,2020,19.884193895143582,0.19166666666666665,76.0,216.0,30.0,0.2552083333333333,1162.0,0.328125,0.04791666666666666,0,,0.18125
bowmaky01,Ky Bowman,2020,22.767209973696033,0.15000000000000002,73.0,181.0,61.0,0.053125,1015.0,0.21354166666666669,0.034375,0,,0.07916666666666666
guyky01,Kyle Guy,2020,22.61388718107481,0.16666666666666669,73.0,170.0,55.0,0.115625,4.0,0.26145833333333335,0.3614583333333333,0,,0.20625
okpalkz01,KZ Okpala,2020,20.90269530074885,0.9020833333333336,80.0,215.0,32.0,0.17604166666666665,26.0,0.546875,0.3614583333333333,0,,0.4895833333333333
kinglo02,Louis King,2020,20.96292925571443,0.07916666666666666,79.0,195.0,61.0,0.115625,62.0,0.08958333333333333,0.22291666666666665,0,,0.10625
dortlu01,Luguentz Dort,2020,20.92733646448738,0.17812499999999998,75.0,215.0,61.0,0.34479166666666666,637.0,0.11666666666666667,0.084375,0,,0.15833333333333333
shayoma01,Marial Shayok,2020,24.65910371482195,0.02916666666666667,77.0,196.0,54.0,0.115625,10.0,0.022916666666666665,0.3614583333333333,0,,0.11666666666666667
gudurma01,Marko Guduric,2020,25.042410695161973,0.21354166666666666,78.0,201.0,61.0,0.17604166666666665,476.0,0.19270833333333331,0.125,0,,0.15208333333333332
thybuma01,Matisse Thybulle,2020,23.051952301671626,0.6520833333333333,77.0,200.0,20.0,0.5635416666666666,1110.0,0.26145833333333335,0.6812499999999999,0,,0.5395833333333333
moonema01,Matt Mooney,2020,23.12039997742795,0.6041666666666666,75.0,200.0,61.0,0.115625,19.0,0.15104166666666669,0.3614583333333333,0,,0.29791666666666666
thomama02,Matt Thomas,2020,25.633798609016235,0.796875,76.0,190.0,61.0,0.3927083333333333,321.0,0.5385416666666667,0.5854166666666667,0,,0.5916666666666667
strusma01,Max Strus,2020,23.98557859171697,0.9635416666666667,78.0,215.0,61.0,0.115625,6.0,0.9979166666666667,0.3614583333333333,0,,0.6270833333333333
kabenmf01,Mfiondu Kabengele,2020,22.60567345882793,0.8635416666666667,81.0,250.0,27.0,0.21875,64.0,0.8375,0.46562499999999996,0,,0.60625
frazimi01,Michael Frazier,2020,26.0417467523077,0.04583333333333333,75.0,200.0,61.0,0.115625,66.0,0.0375,0.22291666666666665,0,,0.06770833333333334
portemi01,Michael Porter Jr.,2020,21.73228112419013,0.7427083333333333,82.0,215.0,14.0,0.575,670.0,0.8416666666666667,0.6458333333333333,0,,0.7229166666666663
onimi01,Miye Oni,2020,22.63305252978032,0.010416666666666671,77.0,206.0,58.0,0.053125,11.0,0.008333333333333333,0.3614583333333333,0,,0.07083333333333333
brownmo01,Moses Brown,2020,20.442726923084873,0.035416666666666666,86.0,245.0,61.0,0.115625,33.0,0.10208333333333333,0.22291666666666665,0,,0.08541666666666684
littlna01,Nassir Little,2020,20.111440175210838,0.20729166666666665,77.0,220.0,25.0,0.321875,573.0,0.253125,0.125,0,,0.20833333333333312
reidna01,Naz Reid,2020,20.57414645993853,0.378125,81.0,264.0,61.0,0.3729166666666667,495.0,0.671875,0.3614583333333333,0,,0.43124999999999997
alexani01,Nickeil Alexander-Walker,2020,21.55431716804956,0.11979166666666666,77.0,205.0,17.0,0.016666666666666666,501.0,0.13645833333333335,0.06354166666666666,0,,0.03958333333333333
claxtni01,Nicolas Claxton,2020,20.93281227857291,0.5364583333333333,83.0,215.0,31.0,0.3041666666666667,187.0,0.6447916666666667,0.46562499999999996,0,,0.4708333333333333
mellini01,Nicolò Melli,2020,29.154747019433433,0.5541666666666667,81.0,235.0,61.0,0.5479166666666666,889.0,0.459375,0.5854166666666667,0,,0.5375
willini01,Nigel Williams-Goss,2020,25.516068608135253,0.17812499999999998,74.0,190.0,55.0,0.115625,28.0,0.07291666666666667,0.3614583333333333,0,,0.16041666666666665
pelleno01,Norvel Pelle,2020,27.131433742112833,0.16666666666666669,82.0,216.0,61.0,0.2552083333333333,178.0,0.365625,0.22291666666666665,0,,0.23958333333333334
brissos01,Oshae Brissett,2020,21.756922287132703,0.10729166666666667,79.0,210.0,61.0,0.17604166666666665,135.0,0.10208333333333333,0.22291666666666665,0,,0.1375
watsopa01,Paul Watson,2020,25.228588372002026,0.05833333333333334,79.0,215.0,61.0,0.053125,25.0,0.025,0.3614583333333333,0,,0.1
washipj01,P.J. Washington,2020,21.581696239729176,0.41874999999999996,79.0,236.0,12.0,0.575,1759.0,0.46875,0.534375,0,,0.49166666666666664
weathqu01,Quinndary Weatherspoon,2020,23.531086027870465,0.01875,75.0,207.0,49.0,0.053125,15.0,0.014583333333333334,0.22291666666666665,0,,0.029166666666666667
tuckera01,Rayjon Tucker,2020,22.493419272415537,0.053125000000000006,77.0,210.0,61.0,0.115625,78.0,0.0625,0.22291666666666665,0,,0.08125
barrerj01,RJ Barrett,2020,19.771939707719234,0.15000000000000002,78.0,202.0,3.0,0.0125,1704.0,0.31666666666666665,0.008333333333333333,0,,0.09166666666666666
langfro01,Romeo Langford,2020,20.40987203961758,0.13125,76.0,216.0,14.0,0.21875,298.0,0.08229166666666667,0.125,0,,0.12083333333333333
hachiru01,Rui Hachimura,2020,22.11832601161665,0.24583333333333332,80.0,230.0,9.0,0.5291666666666667,1217.0,0.5614583333333334,0.084375,0,,0.3375
doumbse01,Sekou Doumbouya,2020,19.246261562315585,0.07083333333333333,80.0,209.0,15.0,0.020833333333333332,754.0,0.0875,0.0125,0,,0.00625
fallta01,Tacko Fall,2020,24.28401045452257,0.7697916666666667,89.0,311.0,61.0,0.17604166666666665,24.0,0.9635416666666667,0.3614583333333333,0,,0.575
hortota01,Talen Horton-Tucker,2020,19.32292295798932,0.984375,76.0,235.0,46.0,0.115625,5.0,0.6333333333333333,0.3614583333333333,0,,0.525
owensta01,Tariq Owens,2020,24.73028929645436,0.08854166666666666,82.0,205.0,61.0,0.115625,15.0,0.16458333333333333,0.3614583333333333,0,,0.16458333333333333
mannte01,Terance Mann,2020,23.427045560907814,0.20729166666666665,77.0,215.0,48.0,0.2552083333333333,271.0,0.11041666666666666,0.22291666666666665,0,,0.17291666666666666
daviste02,Terence Davis,2020,22.852085089871576,0.7895833333333333,76.0,205.0,61.0,0.7083333333333333,1087.0,0.609375,0.7625,0,,0.74375
watertr01,Tremont Waters,2020,22.19772531519337,0.07604166666666667,70.0,175.0,51.0,0.053125,89.0,0.09375,0.22291666666666665,0,,0.07708333333333334
jeromty01,Ty Jerome,2020,22.70697601828174,0.184375,77.0,195.0,24.0,0.115625,315.0,0.15104166666666669,0.22291666666666665,0,,0.14791666666666667
herroty01,Tyler Herro,2020,20.17167412985896,0.34375,77.0,200.0,13.0,0.3927083333333333,1280.0,0.37916666666666665,0.22291666666666665,0,,0.3145833333333333
lawvi01,Vic Law,2020,24.259369292484458,0.0020833333333333333,79.0,200.0,61.0,0.053125,9.0,0.0020833333333333333,0.22291666666666665,0,,0.020833333333333332
poirivi01,Vincent Poirier,2020,26.43052954799364,0.184375,84.0,235.0,61.0,0.2552083333333333,114.0,0.5020833333333333,0.22291666666666665,0,,0.2916666666666667
cancavl01,Vlatko Čančar,2020,22.950649742312123,0.13645833333333335,80.0,210.0,49.0,0.17604166666666665,45.0,0.37916666666666665,0.3614583333333333,0,,0.25
gabriwe01,Wenyen Gabriel,2020,22.99171834658325,0.17812499999999998,81.0,220.0,61.0,0.21875,210.0,0.24583333333333335,0.22291666666666665,0,,0.19166666666666665
howarwi01,William Howard,2020,26.408626291256013,0.00625,80.0,205.0,61.0,0.053125,13.0,0.00625,0.22291666666666665,0,,0.022916666666666665
willizi01,Zion Williamson,2020,19.711705752358405,0.8927083333333332,78.0,285.0,1.0,0.5479166666666666,565.0,0.9666666666666667,0.6812499999999999,0,,0.80625
cheatzy01,Zylan Cheatham,2020,24.346982315193905,0.03125,77.0,220.0,61.0,0.053125,31.0,0.029166666666666667,0.22291666666666665,0,,0.0375
